{"cameraMode":{"drawMode":0,"name":"Shaded","section":"Shading Mode"},"sceneLighting":true,"audioPlay":false,"sceneViewState":{"showFog":true,"showMaterialUpdate":false,"showSkybox":true,"showFlares":true,"showImageEffects":true,"showParticleSystems":true},"in2DMode":false,"pivot":{"x":-0.6148891448974609,"y":0.43670475482940676,"z":0.14629054069519044},"rotation":{"x":-0.13125379383563996,"y":0.8453198671340942,"z":-0.24244382977485658,"w":-0.4576371908187866},"size":3.8715765476226808,"orthographic":false}