{"cameraMode":{"drawMode":0,"name":"Shaded","section":"Shading Mode"},"sceneLighting":true,"audioPlay":false,"sceneViewState":{"showFog":true,"showMaterialUpdate":false,"showSkybox":true,"showFlares":true,"showImageEffects":true,"showParticleSystems":true},"in2DMode":false,"pivot":{"x":-0.009638309478759766,"y":0.8896758556365967,"z":-0.7924232482910156},"rotation":{"x":-0.0786173939704895,"y":0.9156239032745361,"z":-0.22000619769096375,"w":-0.32718950510025027},"size":6.0886993408203129,"orthographic":false}